{
  "suit.kratos.voice.line": {
    "sounds": [
      "suit/kratos_voice_line_1",
      "suit/kratos_voice_line_2",
      "suit/kratos_voice_line_3",
      "suit/kratos_voice_line_4",
      "suit/kratos_voice_line_5",
      "suit/kratos_voice_line_6",
      "suit/kratos_voice_line_7",
      "suit/kratos_voice_line_8",
      "suit/kratos_voice_line_9",
      "suit/kratos_voice_line_10",
      "suit/kratos_voice_line_11",
      "suit/kratos_voice_line_12",
      "suit/kratos_voice_line_13",
      "suit/kratos_voice_line_14",
      "suit/kratos_voice_line_15",
      "suit/kratos_voice_line_16",
      "suit/kratos_voice_line_17",
      "suit/kratos_voice_line_18",
      "suit/kratos_voice_line_19",
      "suit/kratos_voice_line_20",
      "suit/kratos_voice_line_21",
      "suit/kratos_voice_line_22",
      "suit/kratos_voice_line_23",
      "suit/kratos_voice_line_24",
      "suit/kratos_voice_line_25",
      "suit/kratos_voice_line_26",
      "suit/kratos_voice_line_27",
      "suit/kratos_voice_line_28",
      "suit/kratos_voice_line_29",
      "suit/kratos_voice_line_30",
      "suit/kratos_voice_line_31",
      "suit/kratos_voice_line_32",
      "suit/kratos_voice_line_33",
      "suit/kratos_voice_line_34",
      "suit/kratos_voice_line_35",
      "suit/kratos_voice_line_36",
      "suit/kratos_voice_line_37",
      "suit/kratos_voice_line_38",
      "suit/kratos_voice_line_39",
      "suit/kratos_voice_line_40",
      "suit/kratos_voice_line_41",
      "suit/kratos_voice_line_42",
      "suit/kratos_voice_line_43",
      "suit/kratos_voice_line_44",
      "suit/kratos_voice_line_45",
      "suit/kratos_voice_line_46",
      "suit/kratos_voice_line_47",
      "suit/kratos_voice_line_48",
      "suit/kratos_voice_line_49",
      "suit/kratos_voice_line_50",
      "suit/kratos_voice_line_51",
      "suit/kratos_voice_line_52",
      "suit/kratos_voice_line_53",
      "suit/kratos_voice_line_54",
      "suit/kratos_voice_line_55",
      "suit/kratos_voice_line_56",
      "suit/kratos_voice_line_57",
      "suit/kratos_voice_line_58",
      "suit/kratos_voice_line_59",
      "suit/kratos_voice_line_60",
      "suit/kratos_voice_line_61"
    ],
    "category": "player"
  },
  "suit.kratos.walk": {
    "sounds": [
      "suit/kratos_walk_1",
      "suit/kratos_walk_2",
      "suit/kratos_walk_3"
    ],
    "category": "player"
  },
  "suit.kratos.sprint": {
    "sounds": [
      "suit/kratos_sprint_1",
      "suit/kratos_sprint_3"
    ],
    "category": "player"
  },
  "suit.kratos.punch": {
    "sounds": [
      "suit/kratos_punch_1",
      "suit/kratos_punch_2"
    ],
    "category": "player"
  },
  "suit.kratos.death": {
    "sounds": [
      "suit/kratos_death_1",
      "suit/kratos_death_2",
      "suit/kratos_death_3",
      "suit/kratos_death_4",
      "suit/kratos_death_5"
    ],
    "category": "player"
  },
  "suit.leviathanaxe.unholster": {
    "sounds": [
      "suit/leviathanaxe_unholster_1",
      "suit/leviathanaxe_unholster_2"
    ],
    "category": "player"
  },
  "suit.leviathanaxe.holster": {
    "sounds": [
      "suit/leviathanaxe_holster_1",
      "suit/leviathanaxe_holster_2"
    ],
    "category": "player"
  },
  "suit.leviathanaxe.theme": {
    "sounds": [
      {"name": "suit/leviathanaxe_theme_long", "weight": 1},
      {"name": "suit/leviathanaxe_theme_short", "weight": 10},
      {"name": "suit/quiet", "weight": 100}
    ],
    "category": "player"
  },
  "suit.leviathanaxe.hit": {
    "sounds": [
      "suit/leviathanaxe_hit_1",
      "suit/leviathanaxe_hit_2",
      "suit/leviathanaxe_hit_3",
      "suit/leviathanaxe_hit_4",
      "suit/leviathanaxe_hit_5",
      "suit/leviathanaxe_hit_6",
      "suit/leviathanaxe_hit_7",
      "suit/leviathanaxe_hit_8"
    ],
    "category": "player"
  },
  "suit.leviathanaxe.throw": {
    "sounds": [
      "suit/leviathanaxe_throw_1",
      "suit/leviathanaxe_throw_2"
    ],
    "category": "player"
  },
  "suit.leviathanaxe.call": {
    "sounds": [
      "suit/leviathanaxe_call_1"
    ],
    "category": "player"
  },
  "suit.wrathofthefrostancient.charge": {
    "sounds": [
      "suit/wrathofthefrostancient_charge_1",
      "suit/wrathofthefrostancient_charge_2"
    ],
    "category": "player"
  },
  "suit.wrathofthefrostancient.beam": {
    "sounds": [
      "suit/wrathofthefrostancient_beam_1",
      "suit/wrathofthefrostancient_beam_2"
    ],
    "category": "player"
  },
  "suit.wrathofthefrostancient.stop": {
    "sounds": [
      "suit/wrathofthefrostancient_stop_1",
      "suit/wrathofthefrostancient_stop_2"
    ],
    "category": "player"
  },
  "suit.breathofthamur.charge": {
    "sounds": [
      "suit/breathofthamur_charge"
    ],
    "category": "player"
  },
  "suit.breathofthamur": {
    "sounds": [
      "suit/breathofthamur"
    ],
    "category": "player"
  },
  "suit.breathofthamur.stop": {
    "sounds": [
      "suit/breathofthamur_stop"
    ],
    "category": "player"
  },
  "suit.bladesofchaos.unholster": {
    "sounds": [
      "suit/bladesofchaos_unholster_1"
    ],
    "category": "player"
  },
  "suit.bladesofchaos.holster": {
    "sounds": [
      "suit/bladesofchaos_holster_1"
    ],
    "category": "player"
  },
  "suit.bladesofchaos.theme": {
    "sounds": [
      {"name": "suit/bladesofchaos_theme_long", "weight": 1},
      {"name": "suit/bladesofchaos_theme_short", "weight": 10},
      {"name": "suit/quiet", "weight": 100}
    ],
    "category": "player"
  },
  "suit.bladesofchaos.blast": {
    "sounds": [
      "suit/bladesofchaos_blast_1",
      "suit/bladesofchaos_blast_2"
    ],
    "category": "player"
  },
  "suit.bladesofchaos.hit": {
    "sounds": [
      "suit/bladesofchaos_hit_1",
      "suit/bladesofchaos_hit_2",
      "suit/bladesofchaos_hit_3",
      "suit/bladesofchaos_hit_4",
      "suit/bladesofchaos_hit_5",
      "suit/bladesofchaos_hit_6"
    ],
    "category": "player"
  },
  "suit.cycloneofchaos.charge": {
    "sounds": [
      "suit/cycloneofchaos_charge_1",
      "suit/cycloneofchaos_charge_2",
      "suit/cycloneofchaos_charge_3"
    ],
    "category": "player"
  },
  "suit.cycloneofchaos.spin": {
    "sounds": [
      "suit/cycloneofchaos_spin_1",
      "suit/cycloneofchaos_spin_2",
      "suit/cycloneofchaos_spin_3"
    ],
    "category": "player"
  },
  "suit.cycloneofchaos.stop": {
    "sounds": [
      "suit/cycloneofchaos_stop_1"
    ],
    "category": "player"
  },
  "suit.fireofares.charge": {
    "sounds": [
      "suit/fireofares_charge_1",
      "suit/fireofares_charge_2",
      "suit/fireofares_charge_3",
      "suit/fireofares_charge_4"
    ],
    "category": "player"
  },
  "suit.fireofares": {
    "sounds": [
      "suit/fireofares_1",
      "suit/fireofares_2",
      "suit/fireofares_3",
      "suit/fireofares_4",
      "suit/fireofares_5"
    ],
    "category": "player"
  },
  "suit.guardianshield.equip": {
    "sounds": [
      "suit/guardianshield_equip_1"
    ],
    "category": "player"
  },
  "suit.guardianshield.unequip": {
    "sounds": [
      "suit/guardianshield_unequip_1"
    ],
    "category": "player"
  },
  "suit.guardianshield.deflect": {
    "sounds": [
      "suit/guardianshield_deflect_1",
      "suit/guardianshield_deflect_2",
      "suit/guardianshield_deflect_3",
      "suit/guardianshield_deflect_4",
      "suit/guardianshield_deflect_5",
      "suit/guardianshield_deflect_6",
      "suit/guardianshield_deflect_7",
      "suit/guardianshield_deflect_8",
      "suit/guardianshield_deflect_9"
    ],
    "category": "player"
  },
  "suit.spartanrage": {
    "sounds": [
      "suit/spartanrage_1"
    ],
    "category": "player"
  },
  "suit.spartanrage.punch": {
    "sounds": [
      "suit/spartanrage_punch_1",
      "suit/spartanrage_punch_2",
      "suit/spartanrage_punch_3",
      "suit/spartanrage_punch_4",
      "suit/spartanrage_punch_5"
    ],
    "category": "player"
  },
  "suit.spartanrage.leap": {
    "sounds": [
      "suit/spartanrage_leap"
    ],
    "category": "player"
  },
  "suit.spartanrage.land": {
    "sounds": [
      "suit/spartanrage_land"
    ],
    "category": "player"
  },
  "suit.spartanrage.groundsmash": {
    "sounds": [
      "suit/spartanrage_groundsmash_1"
    ],
    "category": "player"
  },
  "suit.spartanrage.stop": {
    "sounds": [
      "suit/spartanrage_stop_1"
    ],
    "category": "player"
  },
  "suit.atreus.voice.line": {
    "sounds": [
      "suit/atreus_voice_line_1"
    ],
    "category": "player"
  },
  "suit.wrathofthewolf.summon": {
    "sounds": [
      "suit/wrathofthewolf_summon"
    ],
    "category": "player"
  },
  "suit.wrathofthewolf.attack": {
    "sounds": [
      "suit/wrathofthewolf_attack_1",
      "suit/wrathofthewolf_attack_2"
    ],
    "category": "player"
  },
  "suit.kratos.ragnarok.voice.line": {
    "sounds": [
      "suit/kratos_ragnarok_voice_line_1",
      "suit/kratos_ragnarok_voice_line_2",
      "suit/kratos_ragnarok_voice_line_3",
      "suit/kratos_ragnarok_voice_line_4",
      "suit/kratos_ragnarok_voice_line_5",
      "suit/kratos_ragnarok_voice_line_6",
      "suit/kratos_ragnarok_voice_line_7",
      "suit/kratos_ragnarok_voice_line_8",
      "suit/kratos_ragnarok_voice_line_9",
      "suit/kratos_ragnarok_voice_line_10",
      "suit/kratos_ragnarok_voice_line_11",
      "suit/kratos_ragnarok_voice_line_12",
      "suit/kratos_ragnarok_voice_line_13",
      "suit/kratos_ragnarok_voice_line_14",
      "suit/kratos_ragnarok_voice_line_15",
      "suit/kratos_ragnarok_voice_line_16",
      "suit/kratos_ragnarok_voice_line_17",
      "suit/kratos_ragnarok_voice_line_18",
      "suit/kratos_ragnarok_voice_line_19",
      "suit/kratos_ragnarok_voice_line_20",
      "suit/kratos_ragnarok_voice_line_21",
      "suit/kratos_ragnarok_voice_line_22",
      "suit/kratos_ragnarok_voice_line_23",
      "suit/kratos_ragnarok_voice_line_24",
      "suit/kratos_ragnarok_voice_line_25",
      "suit/kratos_ragnarok_voice_line_26",
      "suit/kratos_ragnarok_voice_line_27",
      "suit/kratos_ragnarok_voice_line_28",
      "suit/kratos_ragnarok_voice_line_29",
      "suit/kratos_ragnarok_voice_line_30",
      "suit/kratos_ragnarok_voice_line_31",
      "suit/kratos_ragnarok_voice_line_32",
      "suit/kratos_ragnarok_voice_line_33",
      "suit/kratos_ragnarok_voice_line_34",
      "suit/kratos_ragnarok_voice_line_35",
      "suit/kratos_ragnarok_voice_line_36",
      "suit/kratos_ragnarok_voice_line_37",
      "suit/kratos_ragnarok_voice_line_38",
      "suit/kratos_ragnarok_voice_line_39",
      "suit/kratos_ragnarok_voice_line_40",
      "suit/kratos_ragnarok_voice_line_41",
      "suit/kratos_ragnarok_voice_line_42",
      "suit/kratos_ragnarok_voice_line_43",
      "suit/kratos_ragnarok_voice_line_44",
      "suit/kratos_ragnarok_voice_line_45",
      "suit/kratos_ragnarok_voice_line_46",
      "suit/kratos_ragnarok_voice_line_47",
      "suit/kratos_ragnarok_voice_line_48",
      "suit/kratos_ragnarok_voice_line_49",
      "suit/kratos_ragnarok_voice_line_50",
      "suit/kratos_ragnarok_voice_line_51"
    ],
    "category": "player"
  },
  "suit.atreus.ragnarok.voice.line": {
    "sounds": [
      "suit/atreus_ragnarok_voice_line_1",
      "suit/atreus_ragnarok_voice_line_2",
      "suit/atreus_ragnarok_voice_line_3",
      "suit/atreus_ragnarok_voice_line_4",
      "suit/atreus_ragnarok_voice_line_5",
      "suit/atreus_ragnarok_voice_line_6",
      "suit/atreus_ragnarok_voice_line_7",
      "suit/atreus_ragnarok_voice_line_8",
      "suit/atreus_ragnarok_voice_line_9",
      "suit/atreus_ragnarok_voice_line_10",
      "suit/atreus_ragnarok_voice_line_11",
      "suit/atreus_ragnarok_voice_line_12",
      "suit/atreus_ragnarok_voice_line_13",
      "suit/atreus_ragnarok_voice_line_14",
      "suit/atreus_ragnarok_voice_line_15",
      "suit/atreus_ragnarok_voice_line_16",
      "suit/atreus_ragnarok_voice_line_17",
      "suit/atreus_ragnarok_voice_line_18",
      "suit/atreus_ragnarok_voice_line_19",
      "suit/atreus_ragnarok_voice_line_20",
      "suit/atreus_ragnarok_voice_line_21",
      "suit/atreus_ragnarok_voice_line_22",
      "suit/atreus_ragnarok_voice_line_23",
      "suit/atreus_ragnarok_voice_line_24",
      "suit/atreus_ragnarok_voice_line_25",
      "suit/atreus_ragnarok_voice_line_26",
      "suit/atreus_ragnarok_voice_line_27",
      "suit/atreus_ragnarok_voice_line_28",
      "suit/atreus_ragnarok_voice_line_29",
      "suit/atreus_ragnarok_voice_line_30",
      "suit/atreus_ragnarok_voice_line_31",
      "suit/atreus_ragnarok_voice_line_32",
      "suit/atreus_ragnarok_voice_line_33",
      "suit/atreus_ragnarok_voice_line_34",
      "suit/atreus_ragnarok_voice_line_35",
      "suit/atreus_ragnarok_voice_line_36",
      "suit/atreus_ragnarok_voice_line_37",
      "suit/atreus_ragnarok_voice_line_38",
      "suit/atreus_ragnarok_voice_line_39",
      "suit/atreus_ragnarok_voice_line_40",
      "suit/atreus_ragnarok_voice_line_41",
      "suit/atreus_ragnarok_voice_line_42",
      "suit/atreus_ragnarok_voice_line_43",
      "suit/atreus_ragnarok_voice_line_44",
      "suit/atreus_ragnarok_voice_line_45",
      "suit/atreus_ragnarok_voice_line_46",
      "suit/atreus_ragnarok_voice_line_47",
      "suit/atreus_ragnarok_voice_line_48",
      "suit/atreus_ragnarok_voice_line_49",
      "suit/atreus_ragnarok_voice_line_50",
      "suit/atreus_ragnarok_voice_line_51"
    ],
    "category": "player"
  },
  "suit.thor.voice.line": {
    "sounds": [
      "suit/thor_voice_line_1",
      "suit/thor_voice_line_2",
      "suit/thor_voice_line_3",
      "suit/thor_voice_line_4",
      "suit/thor_voice_line_5",
      "suit/thor_voice_line_6",
      "suit/thor_voice_line_7",
      "suit/thor_voice_line_8",
      "suit/thor_voice_line_9",
      "suit/thor_voice_line_10",
      "suit/thor_voice_line_11",
      "suit/thor_voice_line_12",
      "suit/thor_voice_line_13",
      "suit/thor_voice_line_14",
      "suit/thor_voice_line_15",
      "suit/thor_voice_line_16",
      "suit/thor_voice_line_17",
      "suit/thor_voice_line_18",
      "suit/thor_voice_line_19",
      "suit/thor_voice_line_20",
      "suit/thor_voice_line_21",
      "suit/thor_voice_line_22",
      "suit/thor_voice_line_23",
      "suit/thor_voice_line_24",
      "suit/thor_voice_line_25",
      "suit/thor_voice_line_26",
      "suit/thor_voice_line_27",
      "suit/thor_voice_line_28",
      "suit/thor_voice_line_29",
      "suit/thor_voice_line_30",
      "suit/thor_voice_line_31",
      "suit/thor_voice_line_32",
      "suit/thor_voice_line_33",
      "suit/thor_voice_line_34",
      "suit/thor_voice_line_35",
      "suit/thor_voice_line_36",
      "suit/thor_voice_line_37",
      "suit/thor_voice_line_38",
      "suit/thor_voice_line_39",
      "suit/thor_voice_line_40",
      "suit/thor_voice_line_41",
      "suit/thor_voice_line_42",
      "suit/thor_voice_line_43",
      "suit/thor_voice_line_44",
      "suit/thor_voice_line_45",
      "suit/thor_voice_line_46",
      "suit/thor_voice_line_47",
      "suit/thor_voice_line_48",
      "suit/thor_voice_line_49"
    ],
    "category": "player"
  },
  "suit.odin.voice.line": {
    "sounds": [
      "suit/odin_voice_line_1",
      "suit/odin_voice_line_2",
      "suit/odin_voice_line_3",
      "suit/odin_voice_line_4",
      "suit/odin_voice_line_5",
      "suit/odin_voice_line_6",
      "suit/odin_voice_line_7",
      "suit/odin_voice_line_8",
      "suit/odin_voice_line_9",
      "suit/odin_voice_line_10",
      "suit/odin_voice_line_11",
      "suit/odin_voice_line_12",
      "suit/odin_voice_line_13",
      "suit/odin_voice_line_14",
      "suit/odin_voice_line_15",
      "suit/odin_voice_line_16",
      "suit/odin_voice_line_17",
      "suit/odin_voice_line_18",
      "suit/odin_voice_line_19",
      "suit/odin_voice_line_20",
      "suit/odin_voice_line_21",
      "suit/odin_voice_line_22",
      "suit/odin_voice_line_23",
      "suit/odin_voice_line_24",
      "suit/odin_voice_line_25",
      "suit/odin_voice_line_26",
      "suit/odin_voice_line_27",
      "suit/odin_voice_line_28",
      "suit/odin_voice_line_29",
      "suit/odin_voice_line_30",
      "suit/odin_voice_line_31",
      "suit/odin_voice_line_32",
      "suit/odin_voice_line_33",
      "suit/odin_voice_line_34",
      "suit/odin_voice_line_35",
      "suit/odin_voice_line_36",
      "suit/odin_voice_line_37",
      "suit/odin_voice_line_38",
      "suit/odin_voice_line_39",
      "suit/odin_voice_line_40",
      "suit/odin_voice_line_41",
      "suit/odin_voice_line_42",
      "suit/odin_voice_line_43",
      "suit/odin_voice_line_44",
      "suit/odin_voice_line_45",
      "suit/odin_voice_line_46",
      "suit/odin_voice_line_47",
      "suit/odin_voice_line_48",
      "suit/odin_voice_line_49",
      "suit/odin_voice_line_50",
      "suit/odin_voice_line_51",
      "suit/odin_voice_line_52",
      "suit/odin_voice_line_53",
      "suit/odin_voice_line_54",
      "suit/odin_voice_line_55",
      "suit/odin_voice_line_56",
      "suit/odin_voice_line_57",
      "suit/odin_voice_line_58",
      "suit/odin_voice_line_59",
      "suit/odin_voice_line_60",
      "suit/odin_voice_line_61",
      "suit/odin_voice_line_62",
      "suit/odin_voice_line_63",
      "suit/odin_voice_line_64"
    ],
    "category": "player"
  },
  "suit.draupnirspear.equip": {
    "sounds": [
      "suit/draupnirspear_equip"
    ],
    "category": "player"
  },
  "suit.draupnirspear.unequip": {
    "sounds": [
      "suit/draupnirspear_unequip"
    ],
    "category": "player"
  },
  "suit.draupnirspear.hit": {
    "sounds": [
      "suit/draupnirspear_hit_1"
    ],
    "category": "player"
  },
  "suit.whisperoftheworld.charge": {
    "sounds": [
      "suit/whisperoftheworld_charge"
    ],
    "category": "player"
  },
  "suit.whisperoftheworld": {
    "sounds": [
      "suit/whisperoftheworld"
    ],
    "category": "player"
  },
  "suit.artilleryoftheancients.charge": {
    "sounds": [
      "suit/artilleryoftheancients_charge"
    ],
    "category": "player"
  },
  "suit.artilleryoftheancients": {
    "sounds": [
      "suit/artilleryoftheancients"
    ],
    "category": "player"
  },
  "suit.artilleryoftheancients.impact": {
    "sounds": [
      "suit/artilleryoftheancients_impact"
    ],
    "category": "player"
  },
  "suit.wolftransformation": {
    "sounds": [
      "suit/atrreus_ragnarok_wolftransformation"
    ],
    "category": "player"
  },
  "suit.wrathofthewolf.ragnarok.summon": {
    "sounds": [
      "suit/wrathofthewolf_ragnarok_summon"
    ],
    "category": "player"
  },
  "suit.thor.flightboost": {
    "sounds": [
      "suit/thor_flightboost"
    ],
    "category": "player"
  },
  "suit.mjolnir.unholster": {
    "sounds": [
      "suit/mjolnir_unholster"
    ],
    "category": "player"
  },
  "suit.mjolnir.holster": {
    "sounds": [
      "suit/mjolnir_holster"
    ],
    "category": "player"
  },
  "suit.mjolnir.theme": {
    "sounds": [
      {"name": "suit/mjolnir_theme_long", "weight": 1},
      {"name": "suit/mjolnir_theme_short", "weight": 10},
      {"name": "suit/quiet", "weight": 100}
    ],
    "category": "player"
  },
  "suit.mjolnir.hit": {
    "sounds": [
      "suit/mjolnir_hit_1"
    ],
    "category": "player"
  },
  "suit.mjolnir.throw": {
    "sounds": [
      "suit/mjolnir_throw"
    ],
    "category": "player"
  },
  "suit.mjolnir.call": {
    "sounds": [
      "suit/mjolnir_call"
    ],
    "category": "player"
  },
  "suit.thunderblast.mjolnircharge": {
    "sounds": [
      "suit/thunderblast_mjolnircharge"
    ],
    "category": "player"
  },
  "suit.thunderblast.charge": {
    "sounds": [
      "suit/thunderblast_charge"
    ],
    "category": "player"
  },
  "suit.thunderblast": {
    "sounds": [
      "suit/thunderblast"
    ],
    "category": "player"
  },
  "suit.mjolnirslam.charge": {
    "sounds": [
      "suit/mjolnirslam_charge"
    ],
    "category": "player"
  },
  "suit.mjolnirslam": {
    "sounds": [
      "suit/mjolnirslam"
    ],
    "category": "player"
  },
  "suit.gungnirblade.equip": {
    "sounds": [
      "suit/gungnirblade_equip"
    ],
    "category": "player"
  },
  "suit.bifrostaura.enable": {
    "sounds": [
      "suit/bifrostaura_enable"
    ],
    "category": "player"
  },
  "suit.bifrostaura.loop": {
    "sounds": [
      "suit/bifrostaura_loop"
    ],
    "category": "player"
  },
  "suit.leiptra.charge": {
    "sounds": [
      "suit/leiptra_charge"
    ],
    "category": "player"
  },
  "suit.leiptra": {
    "sounds": [
      "suit/leiptra"
    ],
    "category": "player"
  },
  "suit.eldr.charge": {
    "sounds": [
      "suit/eldr_charge"
    ],
    "category": "player"
  },
  "suit.eldr": {
    "sounds": [
      "suit/eldr"
    ],
    "category": "player"
  },
  "suit.eldr.stop": {
    "sounds": [
      "suit/eldr_stop"
    ],
    "category": "player"
  },
  "suit.glettingsbara.charge": {
    "sounds": [
      "suit/glettingsbara_charge"
    ],
    "category": "player"
  },
  "suit.glettingsbara": {
    "sounds": [
      "suit/glettingsbara"
    ],
    "category": "player"
  },
  "suit.glettingsbara.charge.2": {
    "sounds": [
      "suit/glettingsbara_charge_2"
    ],
    "category": "player"
  },
  "suit.glettingsbara.2": {
    "sounds": [
      "suit/glettingsbara_2"
    ],
    "category": "player"
  }
}